<?xml version="1.0" encoding="UTF-8"?>
<beans xmlns="http://www.springframework.org/schema/beans"
	xmlns:xsi="http://www.w3.org/2001/XMLSchema-instance"
	xmlns:aop="http://www.springframework.org/schema/aop"
	xsi:schemaLocation="http://www.springframework.org/schema/beans http://www.springframework.org/schema/beans/spring-beans.xsd
		http://www.springframework.org/schema/aop http://www.springframework.org/schema/aop/spring-aop-3.2.xsd">

<bean id="logAop" class="com.aopEx.LogAop" />

<!-- AOP설정 -->
<aop:config>
	<!-- aspect id는 logger이고, logAop를 참조함 -->
	<aop:aspect id="logger" ref="logAop">

		<aop:pointcut id="publicM" expression="within(com.aopEx.*)"/>
		<!-- 포인트컷 -->
		<!-- pointcut(핵심 기능) id: publicM aspect 설정시 포인트컷 참조하는 용도로 사용
		, expression: com.aopEx패키지에 있는 모든 클래스(메소드도 가능)에 공통 기능을 적용 -->
		
		<aop:before pointcut-ref="publicM" method="loggerAop"/>
		<!--어드바이스  -->
		<!-- loggerAop()라는 메소드를 publicM라는 pointcut에 적용 -->
	</aop:aspect>
</aop:config>


<bean id="myCat" class="com.aopEx.Cats">
	<property name="name" value="호랑이"/>
	<property name="age" value="1"/>
	<property name="color" value="yellow"/>
</bean>

</beans>
